,TotalPnL,AveragePnL,Number
CloseSignal,-5112.199999999561,-2.41,2124
TookProfit,17095.999999999694,16.41,1042
StoppedOut,-662.1999999999869,-23.65,28
Aggregate,11321.6,3.54,3194
