,TotalPnL,AveragePnL,Number
CloseSignal,3.878191170980649e-12,0.0,57
TookProfit,7448.599999999807,17.08,436
StoppedOut,-3381.1999999999275,-19.66,172
Aggregate,4067.4,6.12,665
